"";"x"
"1";"axcent ; axcent_company ; axcent_company"
"2";"sida_group ; sida_group ; sida_group ; sida_group_2 ; sida_group_hr ; sida ; healthcare_per_sida_group ; sida_group ; sida_group_spa"
"3";""
"4";"nexus ; nexus_spa_filiale_di_cameri ; nexus ; nexus_spa ; nexus_spa ; nexus_spa ; nexus_advanced_technologies ; nexus_spa ; nexus_spa ; nexus_hotel_service ; _filiale_di_cameri nexus_spa_"
"5";"fincons_spa ; fincons_group_ag ; gruppo_fincons ; fincons_spa ; fincons_group ; fincons_spa ; fincons_group ; fincons ; fincons_spa ; sviluppatori_app_0_luisaviaroma_spa_fincons_spa_empatica_gruppo_mutuionline_officina_digitale_italia ; sviluppatori_pquod_0_luisaviaroma_spa_fincons_spa_empatica_gruppo_mutuionline_officina_digitale_ital"
"6";"generali_italia_spa ; generali ; generali_group ; generali ; generali_italia ; generali_italia_spa_agenzia_generale_di_saronno ; generali_italia_spa_agenzia_generale_di_albino_via_roma ; _agenzia_di_milano_fiera generali_italia_spa_ ; generali_italia_agenzia_di_trescore_balneario ; generali_italia_como ; generali_italia_spa ; generali_italia_agenzia_generale_di_erba_xxv_aprile_50 ; _agenzia_di_ascoli_piceno generali_italia_spa_ ; _agenzia_di_brescia_castello generali_italia_spa_ ; _agenzia_di_macerata generali_italia_spa_ ; generali_italia_spa_agenzia_generale_di_milano_fiera ; _agenzia_di_crema generali_italia_spa_ ; generali_italia_spa ; agenzia_generali_italia_spa ; generali_italia_agenzia_generale_di_cremona ; _agenzia_di_desenzano generali_italia_spa_ ; _agenzia_generale_di_monza_largo_xxv_aprile_distaccamento_di_monza_viale_libertà_e_vimercate_piazza_marconi generali_italia_spa_ ; _agenzia_generale_di_genova_via_timavo generali_italia_spa_ ; _agenzia_padova_centro assicurazioni_generali_ ; _agenzia_generale_di_crema_palazzo_monte_di_pieta' generali_italia_ ; _agenzia_generale_di_piacenza_piazza_dei_cavalli generali_italia_ ; _agenzia_generale_di_treviso generali_italia_ ; generali_italia_spa ; generali_italia_spa ; _agenzia_di_firenze_piazza_stazione generali_italia_spa_ ; _divisione_ina_assitalia_agenzia_generale_di_gioia_del_colle generali_italia_spa ; _guido_reni agenzia_generali_italia_padova_ ; _agenzia_di_savona generali_italia_ ; generali_italia_agenzia_generale_di_cirie'_d'oria ; generali_italia_agenzia_generale_di_formia_via_vitruvio_47 ; generali_italia_agenzia_generale_di_treviso ; generali_italia_como_via_cecilio ; generali_italia_spa ; generali_italia_spa_agenzia_rovereto_rosmini ; generali_italia_spa ; _agenzia_di_abano_terme generali_italia_spa_ ; _agenzia_generale_di_legnano generali_italia_spa_ ; generali_italia_agenzia_generale_di_monza ; agenzia_generali_italia_padova_guido_reni ; generali_italia ; __agenzia_generale_di_reggio generali_italia_ ; _agenzia_di_pisa generali_italia_ ; _agenzia_generale_di_bergamo_porta_nuova generali_italia_ ; _agenzia_generale_di_livorno_via_cairoli generali_italia_ ; generali_italia_agenzia_generale_di_piacenza_piazza_dei_cavalli ; generali_italia_agenzia_milano_via_torino ; generali_italia_spa ; _agenzia_di_borgomanero generali_italia_spa_ ; _agenzia_di_busto_arsizio_viale_borri_33 generali_italia_spa_ ; _agenzia_di_casarano generali_italia_spa_ ; _agenzia_di_foligno generali_italia_spa_ ; _agenzia_di_manerbio generali_italia_spa_ ; _agenzia_di_varese_insubria generali_italia_spa_ ; _chief_business_transformation_officer generali_italia_spa_ ; generali_italia_spa_agenzia_generale_di_monza ; generali_italia_spa_agenzia_generale_di_genova_via_timavo ; generali_italia_spa_agenzia_generale_di_monza_piazza_garibaldi_tribunale ; agenzia_di_generali_italia_spa ; agenzia_generali_generali_italia_dalmine ; agenzia_generali_italia_como ; assicurazioni_generali_agenzia_padova_centro ; bianchi_m_freti_a_marenzi_a_generali_italia ; generali ; generali_italia ; _agenzia_di_livorno_via_cairoli generali_italia_ ; _agenzia_generale_rovereto_rosmini generali_italia_ ; _divisione_ina_assitalia_agenzia_generale_di_salerno generali_italia_ ; _divisione_ina_assitalia_agenzia_generale_di_trapani generali_italia_ ; _firenze_dei_mille generali_italia_ ; generali_italia_–_agenzia_generale_caltagirone_gabelle ; generali_italia_ag_padova ; generali_italia_agenzia_ancona_baraccola ; generali_italia_agenzia_di_savona ; generali_italia_agenzia_generale_di_bergamo_porta_nuova ; generali_italia_agenzia_generale_di_livorno ; generali_italia_agenzia_generale_di_lodi ; generali_italia_agenzia_generale_di_pisa_via_pascoli_reali_e_petrignani_snc ; generali_italia_agenzia_generale_di_venezia_mestre_teatro_vecchio ; generali_italia_agenzia_generale_rovereto_rosmini ; generali_italia_di_la_spezia_pzza_beverini ; generali_italia_divisione_ina_assitalia_agenzia ; generali_italia_divisione_ina_assitalia_agenzia_generale_di_salerno ; generali_italia_foggia_san_lorenzo ; generali_italia_mirano_noale_venezia ; generali_italia_spa_agenzia_generale_di_triggiano ; _agenzia_generale_di_treviglio generali_italia_spa ; _agenzia_di_brescia generali_italia_spa_ ; _agenzia_di_como generali_italia_spa_ ; _agenzia_di_erba_xxv_aprile_50 generali_italia_spa_ ; _agenzia_di_milano_buonarroti generali_italia_spa_ ; _agenzia_di_monza_nord_ _cesano _desio_ generali_italia_spa_ ; _agenzia_di_monza_uffici_di_vimercate_bernareggio generali_italia_spa_ ; _agenzia_di_monza_via_manzoni_viale_libertà generali_italia_spa_ ; _agenzia_di_rho generali_italia_spa_ ; _agenzia_generale_di_monza_largo_xx_aprile_distaccamento_di_sesto_san_giovanni_ _brugherio_ _cusano_milanino generali_italia_spa_ ; _agenzia_generale_di_monza_largo_xxv_aprile_distaccamento_di_monza_via_manzoni_e_cesano_maderno_via_nazionale_dei_giovi generali_italia_spa_ ; generali_italia_spa_agenzia_di_ascoli_piceno ; generali_italia_spa_agenzia_di_busto_arsizio_piazza_trento_e_trieste ; generali_italia_spa_agenzia_di_crema ; generali_italia_spa_agenzia_di_macerata ; generali_italia_spa_agenzia_di_manerbio ; bernareggio generali_italia_spa_agenzia_di_monza_uffici_di_vimercate ; generali_italia_spa_agenzia_di_san_benedetto_del_tronto ; generali_italia_spa_agenzia_di_udine_duomo ; generali_italia_spa_agenzia_generale_piedimonte_matese_liberta' ; generali_italia_spa_divisione_ina_assitalia ; generali_italia_sede_prato ; generali_italia_spa ; generali_italia_spa ; generali_italia_spa_agenzia_generale_di_chiavari_garibaldi ; generali_italia_spa_agenzia_generale_di_legnano ; generali_italia_spa_agenzia_generale_parma_via_farini ; generali_italia_spa_via_liguria__45 ; generali_italia_venezia ; leonardo_assicurazioni_generali_agenzia_di_milano_liberazione ; marchetti_ferri_ferri_generali_italia ; novi_tiziano_agenzia_generale_generali_italia_spa_di_borgomanero_san_marco_(no)"
"7";"akka_technologies ; akka_technologies ; akka ; akka_technologies ; akka_technologies ; akka_energy ; akka_italy ; akka_italia"
"8";"sapiens_spa ; sapiens_spa ; sapiens_spa ; sapiens_spa ; filiale_di_cremona_sapiens_spa ; filiale_di_parma_sapiens_spa ; filiale_di_reggio_emilia_sapiens_spa ; sapiens ; sapiens_spa ; _filiale_di_cremona sapiens_spa_ ; sapiens_spa ; filiale_di_lodi_sapiens_spa ; filiale_di_mantova_sapiens_spa ; sapiens_spa ; sapiens_spa ; sapiensspa ; sapiensspa ; minerva_sapiens ; sapiens_spa ; _filiale_di_lodi sapiens_spa_ ; _filiale_di_parma sapiens_spa_ ; sapiensspa"
"9";"alten_italia_spa ; alten ; alten ; alten_italia ; alten_group ; alten_groupe ; alten_italia_spa ; alten_italia_spa ; alten_italia ; altenbetreuung24 ; hotel_""am_alten_strom""_uta_jahn ; seniorenpflegeheim_st_mari_a_gemeinnützige_st_barbara_altenhilfe_gmbh ; alten_italia_spa ; alten_italia_spa ; society_alten ; verband_katholischer_altenhilfe_in_deutschland_e_v"
"10";"abb ; abb_group"
"11";"t_power ; t_power ; t_power"
"12";""
"13";""
"14";"verisure_italy ; verisure ; verisure_italy_s_r_l ; verisure_italia ; verisure_italia"
"15";"amazon ; amazoncom ; amazoncom_inc ; amazonwebservices ; amazon_eu_sarl_(italy_branch) ; amazon_europe_core_sà_rl ; amazon_operations ; amazon_data_services_italy_sr ; amazon ; amazon_flex_es ; amazon_advertising ; amazon_hvh ; amazon_lab126 ; amazon_logistics ; amazon_logistik_frankenthal_gmbh_xing_ag ; amazon_spain_fulfillment ; amazon_tours_program ; amazon_web_services"
"16";"lidl ; lidl_it ; lidl ; lidl_italia ; lidl_italia ; _dir_reg_arcole lidl_italia_ ; lidl_belgique ; lidl_belgium_&amp_co ; lidl_dienstleistung_gmbh_&_co_kg ; _dir_reg_misterbianco lidl_italia_ ; _dir_regionale_ _volpiano lidl_italia_ ; lidl_italy ; gmbh_&_cokg_straubing lidl_vertriebs ; lidl_belgium ; lidl_belgium_&ampamp_co ; _dir_reg_pontedera lidl_italia_ ; _dir_regionale_ _molfetta lidl_italia_ ; _dir_regionale_ _sesto_al_reghena lidl_italia_ ; _dir_regionale_ _somaglia lidl_italia_ ; lidl_italia_dir_regionale_volpiano ; lidl_pl"
"17";"sicuritalia_spa ; sicuritalia ; sicuritalia_ufficio_commerciale ; sicuritalia_ivri_spa ; sicuritalia_group ; sicuritalia_spa ; sicuritalia_spa ; sicuritalia_multiservice ; sicuritalia_spa ; sicuritalia_spa"
"18";"kering ; groupe_kering ; kering_sa ; kering_group_operations ; kering_eyewear ; kering_eyewear ; kering_italia_spa"
"19";""
"20";"altran ; altran ; altran_italia_spa ; altran_innovacion_sl ; altran_italia_spa ; italtrans_spa ; valtransit_snc"
"21";"hash ; hashfort_ltd ; hashfort_ltd ; hashicorp"
"22";"ims ; ims"
"23";"ferrovie_dello_stato ; ferrovie_dello_stato_italiane ; agenzia_nazionale_per_la_sicurezza_delle_ferrovie ; ferrovie_dello_stato_italiane_spa ; ferrovie_dello_stato ; gruppo_ferrovie_dello_stato_italiane_spa ; pat_ferrovie_dello_stato_italiane_spa"
"24";"dentalpro ; dentalpro"
"25";"atos ; atos_italia_spa ; atos_se ; atos_italia ; atos_italia_spa ; atos_italia_spa"
"26";"lenergia_spa ; lenergia_spa ; lenergia_spa ; lenergia_spa ; lenergia_spa ; lenergia_spa ; lenergia_spa ; lenergia_spa ; lenergia_spa"
"27";"inventa_tro ; publinventari"
"28";"sicuritalia_spa ; sicuritalia ; sicuritalia_ufficio_commerciale ; sicuritalia_ivri_spa ; sicuritalia_group ; sicuritalia_spa ; sicuritalia_spa ; sicuritalia_multiservice ; sicuritalia_spa ; sicuritalia_spa"
"29";"deloitte"
"30";"carrefour ; carrefour_italia"
"31";"fondazione_patrizio_paoletti ; _per_lo_sviluppo_e_la_comunicazione fondazione_patrizio_paoletti_"
"32";"bennet ; supermercati_bennet"
"33";"_italian_automotive_dealer_association iada_ ; giza_eventi_di_giada_zanfanti ; iada_italian_automotive_dealer_association ; applus_idiada ; giada ; applus+_idiada ; giada_carida ; non_solo_piada_sas_di_spagnuolo_luca ; applus_idiada ; comune_di_viadana ; freedom_di_cutrini_giada ; giada ; giada_buffo ; giada_e_c ; giada_parrucchiera ; giada_rebino ; giada_sas ; giada_sas ; giada_snc ; giada_snc ; giada_snc_di_dessì_roberto_e_c ; iadanza ; lusiadas_saude ; panetteria_giada_sas ; piada_mania ; piadastyle_verucchio ; punto_pizza_e_piada ; riada_partners_spa"
"34";"ikea ; ikea ; ikea_group ; inter_ikea_systems ; ikea ; inter_ikea_systems_bv ; ikea_gruppe"
"35";"ig_samsic_hr ; samsic_emploi ; ig_samsic_hr ; ig_samsic_hr_spa ; ig_samsic_hr_spa_filiale_di_bologna ; ig_samsic_hr_spa_filiale_di_camposampiero_(pd) ; ig_samsic_hr_spa_filiale_di_vimercate_(mb) ; samsic ; ig_samsic_hr_spa ; ig_samsic_hr_spa_filiale_di_roseto_degli_abruzzi_(te) ; samsic_hr ; _samsic_hr ig_ ; ig_samsic_hr ; ig_samsic_hr_spa_filiale_di_bergamo ; ig_samsic_hr_spa_filiale_di_camposampiero ; ig_samsic_hr_spa_filiale_di_milano ; ig_samsic_hr_spa_filiale_di_padova ; ig_samsic_hr_spa_filiale_di_pescara ; ig_samsic_hr_spa_filiale_di_reggio_emilia ; ig_samsic_hr_spa_filiale_di_treviso ; ig_samsic_hr_spa_filiale_di_udine ; ig_samsic_spa ; ig_samsic_spa"
"36";"construfy"
"37";"esselunga ; esselunga_spa ; esselunga ; esselunga_spa"
"38";"aizoon ; aizoon"
"39";"kritek_sro ; professional_blog_a_business_division_of_kritek_sro"
"40";"yamamay"
"41";"centri_vitaldent ; vitaldent"
"42";"optima_italia_spa ; optima_spa ; optima_italia_spa ; optima ; optima_italia_area_commerciale ; _area_commerciale optima_italia_ ; optima_italia_spa ; optima_italia_spa ; optima_italia_spa ; optima_italia ; optima_italia_spa ; optima_italia_spa ; optima_spa ; optimal_assistans_i_göteborg_ab ; optimaway ; consorzio_optimaway ; optima ; optima_solutions"
"43";"amadori ; pasticceria_amadori"
"44";"geox ; geox_spa ; geox_spa ; geox"
"45";"kasanova ; kasanova_spa ; kasanova_spa ; kasanova_spa"
"46";"sephora ; sephora_italy"
"47";"barilla ; barilla_g_e_r_fratelli_spa ; barilla_group ; barilla_g_e_r_fratelli_spa"
"48";"nifra ; nifra ; nifra_snc ; nifra ; nifra_service"
"49";"technogym ; technogym_spa ; technogym_spa ; technogym"
"50";"kpmg ; kpmg_international ; kpmg_spa ; kpmg ; kpmg_international_cooperative ; kpmg_advisory_spa ; kpmg ; kpmg_advisory_spa ; kpmg_sa ; kpmg_spa"
"51";"yves_rocher ; yves_rocher ; yves_rocher_italia ; yves_rocher ; yves_roches"
"52";"gruppo_pam ; gruppo_pam ; pam"
"53";"sanofi ; sanofi ; aventis_deutschland_gmbh sanofi ; sanofi_us"
"54";"footlocker"
"55";"compagnia_generale_ristorazione_spa ; cigierre ; cigierre ; cigierre ; cigierre_compagnia_generale_ristorazione_spa ; _compagnia_generale_ristorazione cigierre_ ; cigierre_compagnia_generale_ristorazione ; cigierre_spa ; cigierre_spa ; cigierre_spa ; _compagnia_generale_ristorazione_spa cigierre_ ; cigierre_compagnia_generale_ristorazione_spa ; cigierre_spa ; cigierrecompagniageneraleristorazione ; cigierrespa ; compagnia_generale_ristorazione ; compagnia_generale_ristorazione"
"56";"volkswagen ; volkswagen_group ; volkswagen_bank_gmbh ; volkswagen_financial_services ; volkswagen_financial_services_spa ; volkswagen_it"
"57";"coca_cola ; coca_cola_hbc ; coca_cola ; the_coca_cola_company"
"58";"bnp_paribas ; bnp_paribas ; bnp_paribas_2 ; bnp_paribas_cardif ; bnp_paribas_personal_finance ; bnp_paribas_leasing_solutions ; _lisboa bnp_paribas_3697_avaliações_3697_avaliações____3697_avaliações_ ; _lisboa bnp_paribas_3699_avaliações_3699_avaliações____3699_avaliações_ ; _lisboa bnp_paribas_3718_avaliações_3718_avaliações____3718_avaliações_ ; bnp_paribas_corporate_&_institutional_banking ; bnp_paribas_sa"
"59";"atm ; atmen ; atm ; international_company_worldwide_leader_in_the_manufacturing_and_distribution_of_water_treatment_systems ; atm_spa ; atman_sas ; atme_spa ; _service_andrea_mayer augusta_lifecare_ambulanter_pflegedienst_&_heimbeatmungs freigang ; catmania ; cnr_istituto_sull'inquinamento_atmosferico ; consiglio_nazionale_delle_ricerche_istituto_sull'inquinamento_atmosferico ; ewelina_fularczyk__pw_atm ; oral_treatment_braga ; ristorante_ricavato_in_una_chiesa_sconsacrata_della_metà_del_'500_ambiente_molto_particolare_elegante_rilassante_nella_quiete_del_borgo_triulzio_dove_si_respira_la_fascinosa_atmosfera_d’altri_tempi_con_a_disposizione_anche_una_veranda_riscaldata_che"
"60";"bimbo_store"
"61";"burger_king ; burger_king_restaurants_italia_spa ; burger_king_corporation ; burger_king ; burger_king ; mister_crab_(burger_king)"
"62";"mondo_convenienza ; mondo_convenienza"
"63";"perpiù ; perpiù_sales ; perpiù_milano ; perpiu_sales ; perpiu ; perpiu ; superpizza"
"64";"norauto ; norauto_italia_spa ; norauto_italia_spa ; norauto ; norauto_italia_spa"
"65";"desigual ; desigual ; desigual_forlì"
"66";"goldenpoint_spa ; goldenpoint_spa ; goldenpoint ; goldenpoint_spa ; goldenpoint_spa"
"67";"kiko ; kiko_spa ; kiko_make_up_milano ; kiko_milano ; kiko_spa ; kikos ; kiko_spa ; kiko"
"68";""
"69";"simply_market ; simply_market"
"70";"unicredit ; unicredit ; unicredit ; unicredit_it ; unicredit_bank ; unicredit_group ; unicredit_spa ; unicredit_banking_group ; unicredit_group"
"71";"famila"
"72";"swatch ; the_swatch_group_(italia)_spa ; the_swatch_group ; swatch_group"
"73";"philmark_group ; philmark_informatica_spa ; philmark_informatica_spa ; philmark_informatica_spa ; philmark_informatica ; philmark_informatica_spa ; gruppo_philmark_informatica ; philmark_informatica_spa ; philmark_informatica_spa"
"74";"stroili_oro ; stroili_oro_spa ; stroili_oro_spa ; stroili_oro_spa"
"75";"calzedonia ; calzedonia_germany_gmbh ; calzedonia_holding_spa ; calzedonia ; calzedonia_group ; calzedonia_spa ; calzedonia_group ; calzedonia_holding_spa"
"76";"ld_market ; cost_plus_world_market ; cpm_expertus_field_marketing ; rel_field_marketing"
"77";"gruppo_fidelitas_spa ; fidelitas_spa ; gruppo_fidelitas_spa ; fidelitas_spa"
"78";"accor_hotels ; accor ; accor ; accordi_immobiliare ; bonnaccorso ; accor_sede_legale ; _sede_legale accorhotels_"
"79";"thermo_fisher_scientific ; thermo_fisher_scientific_inc ; thermofisher ; thermofisher ; thermo_fisher_scientific_inc ; _emea thermo_fisher_ ; thermo_fisher"
"80";"wells_fargo ; wells_fargo_bank ; wells_fargo_bank ; fargobox"
"81";"md_spa ; md_spa ; md_spa"
"82";"peter_pan_entertainment ; peter_pan_entertainment ; peter_pan_animazione ; peterpan_animazione ; peter_pan ; associazione_peter_pan_2000 ; forno_peter_pan ; peter_pan_animazione ; peter_pan_asilo_nido_e_scuola_dell'infanzia_paritaria_di_casari_bariani_denise ; pizzeria_peter_pan_snc ; scuola_peter_pan"
"83";"bricocenter ; bricocenter_italia"
"84";"euromec2 ; euromec2"
"85";"intesa_san_paolo ; intesa_sanpaolo_bank ; intesa_sanpaolo ; intesa_sanpaolo_group ; intesa_sanpaolo_assicura ; banca_intesa_sanpaolo ; consorzio_intesa ; consorzio_intesa_cca ; consorzio_provinciale_intesa_cca ; intesa_sanpaolo_bank_luxembourg"
"86";"msc_crociere ; msc"
"87";"brembo ; brembo_spa ; freni_brembo_spa"
"88";"mediaworld_spa ; mediaworld ; mediaworld"
"89";"ferrero ; ferrero_spa ; ferrero_international_sa ; ferrero_spa"
"90";"maisons_du_monde_spa ; maisons_du_monde ; maisons_du_monde ; maisons_du_monde"
"91";"pwc ; pwc ; pwc_south_africa ; pwc"
"92";"supermercati_tosano ; ipertosano"
"93";"automobili_lamborghini_holding_spa ; automobili_lamborghini_spa ; lamborghini ; automobili_lamborghini"
"94";"_school_of_management radar_business_academy_ ; _school_of_management radar_academy_ ; radar_business_academy_school_of_management ; radar_academy_school_of_management"
"95";"culligan_spa ; culligan_italiana_spa ; culligan_italian_spa ; culligan_italiana_spa ; culligan_italiana_spa ; culligan_spa ; culligan_italiana_s_p_a ; culligan_italiana_spa ; culligan_italiana_spa ; culligan_spa"
"96";"esprimo_milano ; esprimo_milano ; esprimo ; esprimo_roma ; esprimo_roma ; esprimo ; esprimo"
"97";"itconsulting_sviluppo_software_&_hr_management ; _sviluppo_software_&_hr_management itconsulting_ ; itconsulting ; itconsulting ; _sviluppo_software_&_hr_management itconsulting_ ; itconsulting_sviluppo_software_&_hr_management ; neovitconsulting_startcasa"
"98";"penny_market ; penny_market ; penny_market_italia ; penny"
"99";"globo_moda ; globo ; aknystos_socialinės_globos_namai ; globo_hotel ; globo_marketing ; globo_services ; globo_tex ; globob ; globoforn ; il_globo_immobiliare ; storica_agenzia_viaggi_in_forza_dal_1998_riconosciuta_dai_tour_operator_come_leader_nel_settore_vanta_4_punti_vendita_site_in_location_strategiche_della_provincia_di_milano_e_monza_brianza_quali:_cornate_d'adda_centro_commerciale_globo_monza_presso_ipe ; všį_""šilavoto_globos_namai"" ; všį_muniškių_globos_namai"
"100";"milano_executive_search"
"101";"salmoiraghi_e_viganò ; salmoiraghi_&_viganò_spa ; salmoiraghi_e_vigano ; salmoiraghi_&_vigano_spa ; salmoiraghi_&amp_viganò_spa ; salmoiraghi_&_viganò ; salmoiraghi_e_viganã² ; salmoiraghi_&_vigana²_spa ; salmoiraghi_viganã²_spa ; salmoiraghi_viganò_spa"
"102";""
"103";"open_source_management ; osm_open_source_management ; open_source_management ; open_source_management ; open_source_management_ascoli_piceno ; open_source_management_media ; osm_network"
"104";"iscs ; iscs_#technology_#enthusiastic"
"105";"best_option_media"
"106";"gls_corriere_espresso"
"107";"poltrone_e_sofa"
"108";"scai ; scai_spa ; gruppo_scai ; gruppo_scai_spa ; scai_tecno_(_gruppo_scai) ; cashouse_cascais ; gruppo_scai_spa ; la_pescaia_resort ; scai_tecno_spa_(gruppo_scai)"
"109";"decathlon ; decathlon_italia"
"110";"golden_lady_spa ; golden_lady"
"111";"carpisa ; carpisa_kuvera_spa ; _carpisa kuvera_spa_"
"112";"om_group ; om_group ; netcom_group_spa ; om_group ; protom_group_spa ; om_group ; protom_group_spa ; kyriom_group_ltd ; om_group_roma ; omgroup ; protom_group_spa ; selcom_group"
"113";"wiener_haus ; wiener_haus ; wienerwald"
"114";"eataly ; eataly_europe"
"115";"kiron_partner_spa ; kiron_spa ; kiron_partner_spa ; kiron_spa ; kiron_partner_spa ; kiron_partner_spa ; kiron_partner ; kiron_partner_spa ; kiron_partner_spa ; kiron_partner_spa_agenzia_guidonia_montecelio ; kiron_roma_nord"
"116";"obi_italia ; obi ; obi ; obi_italia"
"117";"consoft_sistemi_spa ; consoft_informatica ; consoft_sistemi ; consoft_sistemi_spa ; consoft_sistemi_spa"
"118";"cronosharecom ; cronoshareit ; cronosharecom"
"119";"eterea ; eterea ; bari_eterea ; center_eterea ; eterea_italia ; eterea_service ; eterea_services ; eterea_sr ; eterea20 ; etereacomservice ; etereagruop ; neterea ; servizi_eterea ; ufficio_eterea"
"120";"iper"
"121";"wycon_spa ; wycon ; wycon_cosmetics ; wycon ; wycon_spa ; wycon_cosmetics ; wyconcosmetics ; wycon ; wycon_makeup"
"122";"gigante ; grandi_magazzini_e_supermercati_il_gigante_spa ; supermercati_il_gigante ; il_gigante ; il_gigante_supermercati ; il_gigante_grandi_magazzini_e_supermercati_spa ; piazza_del_gigante_(roxy_bar)"
"123";"grandvision ; grandvision"
"124";"leroy_merlin_spa ; leroy_merlin ; leroy_merlin_italia ; leroy_merlin ; leroy_merlin_italia_filiale_di_treviso ; leroy_merlin_italia_filiale_di_treviso ; leroy_merlin ; leroy_merlin_bologna ; leroy_merlin_es ; leroy_merlin_italy"
"125";"metro ; metro_group ; metro_ag ; metro"
"126";"old_wild_west ; old_wild_west ; old_wild_west ; old_wild_west ; old_wild_west_san_lorenzo"
"127";"gardaland"
"128";"iqvia ; iqvia_argentina ; iqvia_biotech"
"129";"scarpe_&_scarpe"
"130";"virgin_active_italia_spa ; virgin_active ; virgin_active ; virgin ; virgin_active_cafè ; virgin_active_italia"
"131";"dainese ; dainese_spa ; dainese_spa ; grisdainese"
"132";"deichmann ; deichmann_cipőkereskedelmi_kft ; deichmann_gmbh"
"133";"eurospin ; eurospin_italia_spa"
"134";"prima_donna ; primadonna_collection ; primadonna_spa ; primadonna_spa ; primadonna ; primadonna_spa"
"135";"24ore_business_school ; il_sole_24ore_spa ; sitoin24oreit"
"136";"leroy_merlin_spa ; leroy_merlin ; leroy_merlin_italia ; leroy_merlin ; leroy_merlin_italia_filiale_di_treviso ; leroy_merlin_italia_filiale_di_treviso ; leroy_merlin ; leroy_merlin_bologna ; leroy_merlin_es ; leroy_merlin_italy"
"137";"natura_si ; natura_si ; naturasi"
"138";"amaris ; amaris_consulting ; amaris_group_sa ; amaris_group_sa ; damaris_osorio"
"139";"best_western ; best_western_italia_scpa ; best_western_italia"
"140";"clayton_italia ; clayton ; clayton ; clayton_hotel_silver_springs"
"141";"la_rinascente_spa ; la_rinascente ; la_rinascente_spa ; la_rinascente_spa ; la_rinascente ; rinascente ; rinascente_spa"
"142";"spindox_spa ; spindox ; spindox_spa"
"143";"asd_toptour ; asd_toptour_animazione ; asd_toptour ; toptour_animazione"
"144";"bticino_spa ; bticino ; bticino_spa ; bticino ; bticino_spa"
"145";"verisure_italy ; verisure ; verisure_italy_s_r_l ; verisure_italia ; verisure_italia"
"146";"futurenergy ; futurenergy ; futurenergy_spa"
"147";"gruppo_fema ; fema ; fermati_un_pó ; ristorante_caffe_martini_&_rossi"
"148";"l'occitane_en_provence"
"149";"liquigas_spa ; liquigas_spa ; liquigas_spa"
"150";"maxi_zoo_italia_spa ; maxi_zoo ; maxi_zoo ; maxi_zoo_italia_spa ; maxi_zoo"
"151";"lovable"
"152";"number_one ; number_one_multinational ; number_one_international ; number_one_international ; numberone ; number_one ; acsi_asd_number_one ; cooperativa_numberone ; number_one ; number_one_animazione_ed_eventi ; number_one_animazione_ed_eventi ; number_one_internstional ; number_one_intnal ; number_one_multinational ; numberonegroup ; numberone_multinational ; operai_produzione_qualità_numberone"
"153";"ovs_spa ; ovs_spa ; ovs ; ovs ; ovs_spa ; ovs_spa ; ovs_spa ; ovs_spa"
"154";"tigros_spa ; tigros ; supermercati_tigros ; tigros_spa ; tigros_spa ; tigros_spa"
"155";"agripiù ; agripiu ; agripiu"
"156";"apple_spa ; apple ; apple_inc"
"157";"despar ; despar_eurospar_interspar ; aspiag_service_despar_nordest"
"158";"my_chef_ristorazione_commerciale ; my_chef ; mychef ; mychef_ristorazione_commerciale_spa"
"159";"autogrill_spa ; autogrill_spa ; autogrill"
"160";"bricoman ; bricoman_italia ; bricoman"
"161";""
"162";"berner_spa ; berner ; berner_spa ; berner_spa ; grupo_berner ; berner_spa ; berner_group ; residence_&_bernerhof_hotels ; the_berner_group"
"163";"dmail"
"164";"l'arte_di_abitare ; _servizi_immobiliari l'arte_di_abitare_ ; _affiliato_progetto_mare l'arte_di_abitare_"
"165";"starbucks"
"166";"fincantieri_spa ; fincantieri ; fincantieri_spa"
"167";"art_swiss_entertainment ; art_swiss ; artswiss ; art_swiss"
"168";"bureau_veritas ; bureau_veritas_italia_spa ; bureauveritas ; bureau_veritas ; veritas_spa ; bureau_veritas"
"169";"italo"
"170";"lutech_spa ; lutech ; lutech_spa ; lutech"
"171";"roadhouse ; roadhouse_spa ; roadhouse_spa ; texas_roadhouse"
"172";"piazza_italia_spa ; piazza_italia_spa ; ristorante_piazza_italia"
"173";"percassi ; percassi"
"174";"cpl_&_taylor ; cpl_&_taylor ; cpl_&_taylor_by_synergos ; cpl_&amp_taylor ; taylor_root ; cpl_&amp_taylor ; cpl_&amp_taylor_by_synergos ; taylor_root_dusseldorf ; cpl__&amp__taylor_by_synergos ; cpl_taylor ; phil_taylor_consultants ; taylor_hopkinson ; taylor_root"
"175";"poste_italiane_spa ; poste_italiane ; poste_italiane"
"176";"unieuro ; unieuro_bologna_(bo) ; unieuro_cavallino_(le) ; unieuro_cuneo_(cn) ; unieuro_oderzo_(tv)"
"177";"salcom"
"178";"marriott ; marriott_international_inc ; jw_marriott marriott_hotels_resorts_ ; marriott_bonvoy ; marriott_international_inc ; marriott_international_inc ; lisbon_marriott_hotel ; marriott_international ; milano_marriott"
"179";"avangarde_consulting ; avangarde_consulting_s_r_l ; avangarde_consulting_stl ; avangarde_consulting"
"180";"baker_hughes ; baker_hughes_gruppe ; baker_hughes_a_ge_company ; baker_hughes_a_ge_company ; baker_hughes_company"
"181";"deliveroo ; deliveroo"
"182";"dpv_spa ; dpv ; dpv ; dpv_spa"
"183";""
"184";"lush"
"185";"bep's ; bep's"
"186";""
"187";"arco_group ; arco_group ; san_marco_group ; arco ; consorzio_san_marco_group ; arco ; arco_group ; san_marco_group_spa"
"188";"martini_&_rossi ; martini&rossi_spa ; ristorante_caffe_martini_&_rossi"
"189";"alstom ; alstom ; alstom_gruppe"
"190";"top_animation_team"
"191";"solutions_spa txt_e ; txt_e_solutions_spa ; txt_e_solutions ; txt_e_solutions_spa ; solutions_spa txt_e"
"192";"gsk"
"193";"iperal_supermercati_spa ; iperal_spa ; iperal_supermercati ; supermercati_iperal ; iperal"
"194";"mediatica_spa ; mediatica_spa ; mediatica_spa ; mediatica ; mediatica_spa ; mediatica_spa ; mediatica ; mediatica_spa"
"195";"service_tcf ; service_tcf ; tcf ; info_service_tcf ; service_tcf ; tcf ; tcf"
"196";"myevents_italia_asd ; myevents_italia ; myevents_italia ; myevents_italia ; ads_myevents_italia ; myevents_italia ; asd_myevents_italia"
"197";"siemens ; siemens_ag ; siemens_gamesa ; siemens_spa ; siemens_healthineers ; siemens_mobility_austria_gmbh ; siemens_personaldienstleistungen_gmbh ; siemens_gamesa_renewable_energy ; siemens_gamesa_renewable_energy_sa ; valeo_siemens_eautomotive"
"198";"atmen ; international_company_worldwide_leader_in_the_manufacturing_and_distribution_of_water_treatment_systems ; oral_treatment_braga"
"199";"nestle ; nestle_sa ; nestle ; nestle_it ; nestle'_italiana_spa ; nestle_health_science ; nestle_waters ; nestlã© ; nestle_nespresso ; nestle_sa ; nestle_spa"
"200";"no_problem ; noproblem ; no_problem ; no_problem_parking_spa ; no_problem_parking ; no_problem ; no_problem_parking ; no_problem_parking_spa ; no_problem_parking_spa ; no_problem_parking_spa ; no_problem_roselli ; noproblem ; quick_no_problem_parking ; quick_no_problem_parking_spa ; no_problem_parking_spa quick"
"201";"european_organisational_research_group_ltd"
"202";"gesfor ; gesfor_rimini"
"203";"nau_spa ; nau_spa ; nau_spa"
